h3_cell,center_lat,center_lng
882a100005fffff,40.86079023886115,-73.79273483593417
882a100025fffff,40.86002747391816,-73.82273555119615
882a100027fffff,40.852148677811094,-73.82030941693367
882a100039fffff,40.84503217170126,-73.78789350278213
882a10003bfffff,40.83715424499767,-73.78547406271933
882a1000a7fffff,40.797017763364344,-73.80334940159503
882a1000adfffff,40.81039473044438,-73.79739432305362
882a1000b1fffff,40.78440216549685,-73.77934931025457
882a1000b5fffff,40.78677397583034,-73.79013896809366
882a1000b9fffff,40.78990219594882,-73.7709745679948
882a1000bdfffff,40.792274965648645,-73.78176499218351
882a100101fffff,40.87501550844368,-73.85760086913739
882a100103fffff,40.867135848557474,-73.85516803406857
882a100105fffff,40.877383170059645,-73.8684160308666
882a100107fffff,40.86950346884012,-73.86598123502769
882a100109fffff,40.88052728166653,-73.84921859017174
882a10010bfffff,40.87264692716563,-73.84678689393489
882a10010dfffff,40.88289590450134,-73.8600345265709
882a100111fffff,40.856888427592864,-73.84192596614102
882a100113fffff,40.84901028299649,-73.83949673376893
882a100115fffff,40.85925692508074,-73.85273602095643
882a100117fffff,40.85137873825123,-73.85030482939324
882a100119fffff,40.86239785072475,-73.83354519157832
882a10011bfffff,40.85451901171241,-73.83111709794215
882a10011dfffff,40.864767309061804,-73.84435601939386
882a100121fffff,40.87423595028035,-73.8876111934982
882a100123fffff,40.866356903473715,-73.8851732993563
882a100125fffff,40.87660081069531,-73.89842794985789
882a100127fffff,40.86872172367685,-73.89598809488997
882a100129fffff,40.87974991164192,-73.879232378547
882a10012bfffff,40.87187016953823,-73.87679562169612
882a10012dfffff,40.88211573281905,-73.89004991160257
882a100131fffff,40.85611289344292,-73.87192457746747
882a100133fffff,40.84823535992728,-73.8694902892732
882a100135fffff,40.85847859263733,-73.8827362287681
882a100137fffff,40.850601018009236,-73.88029998132524
882a100139fffff,40.86162450380443,-73.86354726181403
882a10013bfffff,40.85374627519048,-73.86111411081755
882a100141fffff,40.89392057299802,-73.84326577639459
882a100143fffff,40.88603878797192,-73.84083439783454
882a100145fffff,40.896290198907174,-73.85408444936499
882a100147fffff,40.88840837232645,-73.85165110851239
882a10014dfffff,40.90180309393233,-73.84569797720526
882a100151fffff,40.875787277150664,-73.82759027998175
882a100153fffff,40.86790700711056,-73.82516250540982
882a100155fffff,40.878157739092295,-73.83840384111703
882a100157fffff,40.8702774265973,-73.83597410583417
882a10015dfffff,40.88366828380076,-73.83001887531921
882a100163fffff,40.88526360722487,-73.87085164973907
882a100165fffff,40.89551160277023,-73.88410836376504
882a100167fffff,40.887630389465414,-73.88166995910034
882a100169fffff,40.89865890417818,-73.86490431016527
882a10016bfffff,40.89077703649229,-73.86246900677736
882a100181fffff,40.81987336215442,-73.84058827048476
882a100185fffff,40.822240729703864,-73.8513897208518
882a100187fffff,40.814366186760736,-73.84896067482975
882a100189fffff,40.82538027281615,-73.83221395786708
882a10018dfffff,40.82774860002102,-73.84301617992412
882a10019bfffff,40.799387790637354,-73.81414338567764
882a10019dfffff,40.809630621406825,-73.82736287087899
882a1001a1fffff,40.81909808633295,-73.87056321484759
882a1001a5fffff,40.82146266052413,-73.88136625944885
882a1001a7fffff,40.81358872870988,-73.8789321654609
882a1001a9fffff,40.82460718035991,-73.8621923554774
882a1001abfffff,40.816732594954956,-73.85976135311674
882a1001adfffff,40.82697271375174,-73.8729961737882
882a1001bdfffff,40.80885874717039,-73.85733117119683
882a1001c1fffff,40.83876354521809,-73.82626337090076
882a1001c3fffff,40.83088691821057,-73.82383773668215
882a1001c5fffff,40.84113287551008,-73.83706832187046
882a1001c7fffff,40.833256205370965,-73.83464073003871
882a1001cbfffff,40.83639329780208,-73.81545960663557
882a1001cdfffff,40.846640909797756,-73.82868982451858
882a1001d1fffff,40.82064086898015,-73.81061307126454
882a1001d5fffff,40.823011029012086,-73.82141292145643
882a1001d7fffff,40.81513587785939,-73.81898892481757
882a1001dbfffff,40.81826979309185,-73.79981440786328
882a1001ddfffff,40.82851671437431,-73.81303592978719
882a1001e1fffff,40.83799202817854,-73.8562502738453
882a1001e3fffff,40.83011601025546,-73.85381958705473
882a1001e5fffff,40.840358563083285,-73.86705682314845
882a1001e7fffff,40.8324825031484,-73.86462417868562
882a1001e9fffff,40.84350128830653,-73.84787445897156
882a1001ebfffff,40.83562457548406,-73.84544490928415
882a1001edfffff,40.845868783236014,-73.85868178163048
882a100333fffff,40.88680617516412,-73.81081689021755
882a100337fffff,40.88917856075409,-73.82163199624583
882a100421fffff,40.73080067041335,-73.70262863705075
882a10042dfffff,40.738669480267184,-73.70502855194269
882a100501fffff,40.748172378184854,-73.74813458612917
882a100503fffff,40.74030337345595,-73.74572687473018
882a100505fffff,40.75054582660599,-73.75891406388425
882a100507fffff,40.74267677427308,-73.75650440274649
882a100509fffff,40.75366771691779,-73.73976286875838
882a10050bfffff,40.74579801896888,-73.73735629549107
882a100511fffff,40.730060847115276,-73.73254558264262
882a100513fffff,40.722193373678714,-73.73014144225817
882a10051bfffff,40.72768567468987,-73.7217723775234
882a100521fffff,40.74742084337603,-73.77806301712947
882a100523fffff,40.73955243778737,-73.77565026939871
882a100525fffff,40.74979151091982,-73.78884410236132
882a100527fffff,40.74192305884269,-73.78642940482466
882a10052bfffff,40.74504926437014,-73.76728311706864
882a100533fffff,40.721446411855325,-73.76005315981193
882a100535fffff,40.7316847730471,-73.77323833488155
882a100539fffff,40.73480846299955,-73.75409555389729
882a10053bfffff,40.72694089301964,-73.75168751693448
882a100541fffff,40.7670339218952,-73.73379549630022
882a100543fffff,40.75916278993817,-73.73138925034414
882a100547fffff,40.76153815590234,-73.74217025379035
882a100555fffff,40.75129239900481,-73.72898381589026
882a100557fffff,40.74342274932952,-73.7265791925366
882a100559fffff,40.75440932554997,-73.70983081023883
882a10055bfffff,40.74653903205737,-73.70742927620502
882a10055dfffff,40.756786513030065,-73.72060943563815
882a100561fffff,40.76628615351195,-73.76373582463535
882a100565fffff,40.76865878441421,-73.77452039089896
882a100567fffff,40.760788203953915,-73.77210715266501
882a100569fffff,40.771783837718694,-73.75536259409652
882a10056dfffff,40.77415742761554,-73.76614792505427
882a100581fffff,40.69310492018891,-73.73129763639972
882a100585fffff,40.69547803071458,-73.74206347991341
882a100587fffff,40.687614170709836,-73.73965949635947
882a10058dfffff,40.70096947371878,-73.73370048407284
882a100595fffff,40.67737804141309,-73.72649436830596
882a100597fffff,40.66951571663289,-73.72409394708507
882a1005a1fffff,40.69235757026702,-73.76119084642028
882a1005a5fffff,40.694727907716356,-73.77195829693612
882a1005a7fffff,40.68686464493529,-73.76954928808944
882a1005a9fffff,40.697850233193115,-73.75283050826921
882a1005abfffff,40.68998632447475,-73.75042457937303
882a1005adfffff,40.70022152725402,-73.76359872090218
882a1005b1fffff,40.674260734691266,-73.74561515160187
882a1005b3fffff,40.66639905409203,-73.74321165192586
882a1005b5fffff,40.676631883280805,-73.75637752946245
882a1005b7fffff,40.668770153747765,-73.75397208618487
882a1005b9fffff,40.67975105340018,-73.73725632228448
882a1005bbfffff,40.67188867901854,-73.73485395728811
882a1005bdfffff,40.68212315822979,-73.74801946061746
882a1005c5fffff,40.71432664221409,-73.7277381120318
882a1005c7fffff,40.706460652955,-73.72533559156255
882a1005e1fffff,40.71120797787675,-73.74687387706078
882a1005e3fffff,40.7033426331813,-73.7444682733469
882a1005e5fffff,40.713580277116925,-73.75764479808738
882a1005e7fffff,40.70571488415166,-73.75523724770694
882a1005e9fffff,40.7167008078967,-73.73850860867427
882a1005ebfffff,40.70883476969916,-73.7361041413641
882a1005edfffff,40.71907406456742,-73.74928029145617
882a100881fffff,40.797822957309734,-73.97475203687152
882a100883fffff,40.789953046698166,-73.97230333019724
882a100887fffff,40.79230724465316,-73.98310565091663
882a100889fffff,40.803338411084496,-73.96639651391816
882a10088bfffff,40.795467802575054,-73.96394893647735
882a100891fffff,40.779728795481134,-73.95905625713571
882a100893fffff,40.771860397370624,-73.95661115441824
882a100895fffff,40.782083872660436,-73.96985544909508
882a100897fffff,40.77421543543356,-73.96740839315652
882a100899fffff,40.78524189681172,-73.9507022139589
882a10089bfffff,40.77737280100291,-73.94825824039015
882a10089dfffff,40.78759793062822,-73.96150218435268
882a1008a7fffff,40.79149500102476,-74.01306395755249
882a1008b1fffff,40.77892275953245,-73.98900639326243
882a1008b3fffff,40.771054982011556,-73.98655625625548
882a1008b7fffff,40.77340722931203,-73.99735506320562
882a1008b9fffff,40.78443803217255,-73.98065581569266
882a1008bbfffff,40.77656955627686,-73.97820680629646
882a1008bdfffff,40.7867912736493,-73.99145735635248
882a1008c1fffff,40.81672564793098,-73.96048635474924
882a1008c3fffff,40.80885360544282,-73.95803908175758
882a1008c9fffff,40.82224127975792,-73.95212588222418
882a1008cbfffff,40.81436853984995,-73.94967974009114
882a1008d1fffff,40.79862526917925,-73.94478993105159
882a1008d3fffff,40.79075473889112,-73.94234626332813
882a1008d5fffff,40.80098229926871,-73.95559263423436
882a1008d7fffff,40.79311172964596,-73.95314701177094
882a1008d9fffff,40.80413854869355,-73.9364309418966
882a1008dbfffff,40.79626732118498,-73.93398840494557
882a1008ddfffff,40.80649653624459,-73.9472344231698
882a100a11fffff,40.873448602965105,-73.91762123660165
882a100a13fffff,40.86557017216256,-73.91517828481871
882a100a15fffff,40.87581066130864,-73.92843958162587
882a100a17fffff,40.86793219141573,-73.92599466896426
882a100a19fffff,40.878964750411974,-73.90924589019862
882a100a1bfffff,40.87108562363093,-73.90680407416399
882a100a1dfffff,40.88132776905939,-73.92006501394336
882a100a4bfffff,40.908124511442004,-73.90819562013435
882a100a51fffff,40.89236119101144,-73.90331013409622
882a100a53fffff,40.88448063321968,-73.9008686294569
882a100a55fffff,40.894725209574204,-73.91413199857669
882a100a57fffff,40.886844612472615,-73.91168853153299
882a100a59fffff,40.897877504138854,-73.8949298213347
882a100a5bfffff,40.88999625085141,-73.89248945407833
882a100a81fffff,40.836425667265026,-73.91622327239955
882a100a83fffff,40.82855087627298,-73.91378248473355
882a100a85fffff,40.83878660877817,-73.92703300051946
882a100a87fffff,40.83091177801377,-73.92459025507257
882a100a89fffff,40.84193929388881,-73.90785437873005
882a100a8bfffff,40.83406380663561,-73.905414725091
882a100a8dfffff,40.844301194513214,-73.91866488424684
882a100a91fffff,40.818315041812575,-73.90053788794832
882a100a93fffff,40.810441764717446,-73.8981007036288
882a100a95fffff,40.82067682177467,-73.91134252084045
882a100a97fffff,40.81280350400749,-73.90890338031213
882a100a99fffff,40.823826317158066,-73.89217048634661
882a100a9bfffff,40.81595234400097,-73.88973443596365
882a100a9dfffff,40.8261890558644,-73.90297589496645
882a100aa1fffff,40.835630824012604,-73.94620933516283
882a100aa3fffff,40.827756650865,-73.94376349920987
882a100aa7fffff,40.83011475573098,-73.95457284997781
882a100aa9fffff,40.84114663080507,-73.9378439088746
882a100aabfffff,40.8332717607169,-73.93539920540775
882a100aadfffff,40.843505732975906,-73.94865599688833
882a100ab1fffff,40.81752422890384,-73.93051227338314
882a100ab3fffff,40.80965156765415,-73.92807004400815
882a100ab5fffff,40.819883213770915,-73.94131848862034
882a100ab7fffff,40.812010512967944,-73.93887430298544
882a100ab9fffff,40.82303768351726,-73.92214833406508
882a100abbfffff,40.815164325526204,-73.91970723708859
882a100abdfffff,40.82539762667059,-73.93295532704686
882a100ac1fffff,40.85532957686145,-73.90192291635687
882a100ac3fffff,40.84745265734937,-73.89948357376652
882a100ac5fffff,40.857692476890215,-73.91273615818517
882a100ac7fffff,40.849815517386276,-73.91029485629191
882a100ac9fffff,40.86084337240267,-73.89354906414414
882a100acbfffff,40.8529657571109,-73.89111085721159
882a100acdfffff,40.863207232368005,-73.90436308301975
882a100ad1fffff,40.83721273542622,-73.88623691315279
882a100ad3fffff,40.82933732950864,-73.88380117521034
882a100ad5fffff,40.83957647406968,-73.89704505484018
882a100ad7fffff,40.83170102726007,-73.89460735916954
882a100ad9fffff,40.84272417982722,-73.87786455661951
882a100adbfffff,40.8348480783289,-73.87542995424305
882a100addfffff,40.8450888780395,-73.88867347368388
882a100ae1fffff,40.8545384781595,-73.93192096636658
882a100ae3fffff,40.84666217557273,-73.92947657081446
882a100ae7fffff,40.849022236697245,-73.9402894378564
882a100ae9fffff,40.86005445682666,-73.92355058212016
882a100aebfffff,40.85217745777975,-73.92110732068406
882a100aedfffff,40.86241551630037,-73.93436618758498
882a100c03fffff,40.71838124198204,-73.87969776822739
882a100c05fffff,40.72860606472712,-73.8929094398404
882a100c07fffff,40.72074156325932,-73.89047819947287
882a100c09fffff,40.73174957844374,-73.87377401932848
882a100c0bfffff,40.723884423476356,-73.8713458578538
882a100c0dfffff,40.734110898639436,-73.88455717049288
882a100c13fffff,40.700293398245826,-73.86406627876512
882a100c15fffff,40.710517523235616,-73.87726929442161
882a100c17fffff,40.70265454452374,-73.87484163829446
882a100c19fffff,40.71365786257528,-73.85814043797455
882a100c1bfffff,40.70579423145748,-73.85571585908458
882a100c21fffff,40.72545946711864,-73.9120425913492
882a100c23fffff,40.71759562027398,-73.90960827337803
882a100c25fffff,40.727817048963885,-73.92282655083757
882a100c29fffff,40.730965515704185,-73.90369299645536
882a100c2bfffff,40.72310097176101,-73.90125980737048
882a100c2dfffff,40.73332405309091,-73.91447772938976
882a100c31fffff,40.707374102165176,-73.89639588701733
882a100c33fffff,40.6995117769823,-73.89396515493917
882a100c35fffff,40.70973251279204,-73.90717477507079
882a100c37fffff,40.70187014490773,-73.90474209602236
882a100c39fffff,40.71287780136745,-73.88804777785049
882a100c3bfffff,40.70501477928632,-73.88561817456845
882a100c41fffff,40.74511978717058,-73.867846925167
882a100c43fffff,40.73725319647277,-73.86541907681531
882a100c45fffff,40.747482106804924,-73.87863279737306
882a100c47fffff,40.73961547296498,-73.87620299903325
882a100c49fffff,40.750623840722945,-73.8594889485998
882a100c4bfffff,40.74275655408224,-73.85706223228271
882a100c4dfffff,40.752987117175884,-73.87027559189559
882a100c51fffff,40.727024199630215,-73.85221125238502
882a100c53fffff,40.71915913228882,-73.84978698799557
882a100c55fffff,40.72938734531765,-73.86299204643572
882a100c57fffff,40.72152223394021,-73.8605658336236
882a100c59fffff,40.732525904834944,-73.84385477019545
882a100c5bfffff,40.7246601417507,-73.84143163774627
882a100c5dfffff,40.73489000697298,-73.8546363336793
882a100c61fffff,40.744337285450136,-73.8977743784313
882a100c63fffff,40.736471305535794,-73.89534149935811
882a100c65fffff,40.746696820705175,-73.9085618344685
882a100c67fffff,40.73883079876401,-73.90612700535283
882a100c69fffff,40.74984351261602,-73.88941984832974
882a100c6bfffff,40.74197683608044,-73.8869880997623
882a100c6dfffff,40.75220400423472,-73.90020807746548
882a100c81fffff,40.67121003470865,-73.86513918249219
882a100c83fffff,40.663350759683155,-73.8627156087005
882a100c85fffff,40.67357009375945,-73.8759079367579
882a100c87fffff,40.66571077424797,-73.87348241911533
882a100c89fffff,40.67670903744654,-73.85679404919529
882a100c8bfffff,40.66884906592389,-73.85437160401548
882a100c8dfffff,40.679070050939316,-73.86756357194415
882a100c91fffff,40.65313134739605,-73.84952915825367
882a100c93fffff,40.64527360085754,-73.84710915686678
882a100c99fffff,40.65862800305439,-73.84118551508878
882a100c9bfffff,40.6507695602195,-73.83876664221967
882a100c9dfffff,40.66098983582924,-73.8519499738358
882a100ca1fffff,40.67042807403864,-73.89501956432312
882a100ca3fffff,40.66256940765964,-73.89259097550078
882a100ca5fffff,40.67278535852895,-73.90578989797875
882a100ca7fffff,40.66492664877579,-73.90335936525115
882a100ca9fffff,40.67592924270822,-73.88667786624426
882a100cabfffff,40.668069879155745,-73.88425040451236
882a100cadfffff,40.678287481186985,-73.89744897038248
882a100cb1fffff,40.65235337526236,-73.87939793037661
882a100cb3fffff,40.644496235388495,-73.87697291716648
882a100cb5fffff,40.65471148228376,-73.89016320351188
882a100cb7fffff,40.6468542981446,-73.8877362479531
882a100cb9fffff,40.65785219595222,-73.87105771739
882a100cbbfffff,40.64999435910572,-73.86863383117894
882a100cbdfffff,40.66021125659591,-73.88182375935754
882a100cc1fffff,40.690069190900715,-73.85086914996671
882a100cc3fffff,40.682207781930046,-73.84844701893198
882a100cc5fffff,40.692431203841416,-73.86164138616687
882a100cc7fffff,40.684569750163654,-73.85921730977805
882a100cc9fffff,40.69556837261858,-73.84251909221747
882a100ccbfffff,40.68770626762741,-73.84009809140981
882a100cd1fffff,40.67198428139719,-73.83525853405375
882a100cd3fffff,40.66412440062533,-73.83283997670016
882a100cd5fffff,40.674347114143025,-73.84602570304254
882a100cd7fffff,40.66648718777333,-73.84360520189566
882a100cd9fffff,40.67748111616934,-73.82690997001826
882a100cdbfffff,40.6696205395776,-73.82449254279622
882a100cddfffff,40.67984490380905,-73.83767790548947
882a100ce1fffff,40.68929095549475,-73.88076142140778
882a100ce3fffff,40.68143015425301,-73.87833427072088
882a100ce5fffff,40.6916501918556,-73.89153524105375
882a100ce7fffff,40.683789347019506,-73.8891061449568
882a100cebfffff,40.68693080814135,-73.86998877745954
882a100d01fffff,40.74274905936816,-73.95762841287764
882a100d03fffff,40.73488430974409,-73.95518547663882
882a100d05fffff,40.74510302327974,-73.96841901882222
882a100d09fffff,40.74825962762468,-73.94928078918478
882a100d0bfffff,40.740394180025554,-73.94683898038865
882a100d0dfffff,40.750614546985304,-73.9600721722415
882a100d11fffff,40.72466549971743,-73.94195782977722
882a100d13fffff,40.71680226747969,-73.93951848714897
882a100d15fffff,40.72702029834894,-73.95274336311812
882a100d17fffff,40.7191570254184,-73.95030207190884
882a100d19fffff,40.73017371692854,-73.93361168526361
882a100d1bfffff,40.72230978691587,-73.931173469992
882a100d1dfffff,40.73252947064457,-73.944397994055
882a100d21fffff,40.74194333566657,-73.98755496140967
882a100d23fffff,40.73407920554711,-73.9851069987431
882a100d25fffff,40.744294512623796,-73.99834713342568
882a100d27fffff,40.736430343823116,-73.9958972205727
882a100d29fffff,40.7474560713926,-73.97921079764828
882a100d2bfffff,40.73959124262263,-73.97676396089014
882a100d2dfffff,40.74980820333916,-73.99000374878119
882a100d31fffff,40.723863798654364,-73.97187275909451
882a100d33fffff,40.71600118392775,-73.9694283932427
882a100d35fffff,40.72621581321689,-73.98265986037386
882a100d37fffff,40.718353158911775,-73.9802135458946
882a100d39fffff,40.72937418244271,-73.96353006944172
882a100d3bfffff,40.721510869265764,-73.96108682941502
882a100d3dfffff,40.731727151631226,-73.97431794817466
882a100d41fffff,40.761636821408395,-73.94337276435117
882a100d43fffff,40.75376993809561,-73.94093126106601
882a100d45fffff,40.763992736533424,-73.95416687579231
882a100d47fffff,40.756125813206,-73.9517234208503
882a100d49fffff,40.76714757105887,-73.93502020244684
882a100d4bfffff,40.75927999024754,-73.93257982822426
882a100d4dfffff,40.76950444245628,-73.94581509065677
882a100d51fffff,40.74354704274161,-73.92770154644333
882a100d53fffff,40.73568167651888,-73.92526363807171
882a100d55fffff,40.74590379275409,-73.9384905803942
882a100d57fffff,40.73803838561982,-73.93605072192892
882a100d59fffff,40.749055441476806,-73.91935046730184
882a100d5bfffff,40.74118937795546,-73.91691368790532
882a100d5dfffff,40.75141314739644,-73.93014027635867
882a100d61fffff,40.7608348151879,-73.97331126335344
882a100d63fffff,40.752968550468005,-73.97086472899026
882a100d65fffff,40.76318794132349,-73.984106944923
882a100d67fffff,40.75532163770499,-73.98165845885661
882a100d69fffff,40.766347735254335,-73.96496216197336
882a100d6bfffff,40.758480772359455,-73.96251675513757
882a100d6dfffff,40.76870181720305,-73.97575862231949
882a100d81fffff,40.68771132304884,-73.94054512206203
882a100d83fffff,40.67985174596961,-73.93810793631913
882a100d85fffff,40.690065003663825,-73.95132209091157
882a100d87fffff,40.6822053852155,-73.94888295965622
882a100d89fffff,40.69321700525514,-73.93220538510187
882a100d8bfffff,40.68535673012638,-73.92976932501348
882a100d8dfffff,40.69557163976815,-73.94298312808696
882a100d91fffff,40.66963839969568,-73.92489966329701
882a100d93fffff,40.66178034486229,-73.92246606085962
882a100d95fffff,40.67199290876491,-73.93567157045317
882a100d97fffff,40.66413481166913,-73.9332360240593
882a100d99fffff,40.675141732259135,-73.91656140490991
882a100d9bfffff,40.66728297957691,-73.9141289280397
882a100d9dfffff,40.677497194861765,-73.92733408454679
882a100da1fffff,40.68690992665365,-73.97043651873959
882a100da3fffff,40.67905096600579,-73.96799431760914
882a100da5fffff,40.68926082811238,-73.98121505334214
882a100da7fffff,40.68140182720796,-73.9787709066528
882a100da9fffff,40.692417771604255,-73.96210023099063
882a100dabfffff,40.68455811223245,-73.95965915398693
882a100dadfffff,40.694769626503195,-73.97287954172717
882a100db1fffff,40.668841012001906,-73.9547794631652
882a100db3fffff,40.66098357161216,-73.95234084853651
882a100db5fffff,40.67119274479436,-73.96555293793008
882a100db9fffff,40.67434650641759,-73.94644464893786
882a100dbbfffff,40.666488367504606,-73.9440071583513
882a100dbdfffff,40.676699192286804,-73.95721889818026
882a100dc1fffff,40.70658414386775,-73.92629950200593
882a100dc3fffff,40.69872243130249,-73.92386374848017
882a100dc5fffff,40.70893977416665,-73.93707996576418
882a100dc7fffff,40.70107802001348,-73.93464226521701
882a100dc9fffff,40.71209001079872,-73.91795483815808
882a100dcbfffff,40.70422760065885,-73.91552021190155
882a100dcdfffff,40.71444659581721,-73.92873607570803
882a100dd1fffff,40.68850499943893,-73.91065341752899
882a100dd3fffff,40.68064480882803,-73.90822124860331
882a100dd5fffff,40.69086145835625,-73.92142881472556
882a100dd7fffff,40.68300122526365,-73.91899470033704
882a100dd9fffff,40.69400851685579,-73.90231023582788
882a100dddfffff,40.696365930127364,-73.91308640516017
882a100de1fffff,40.70578645857306,-73.95620281665516
882a100de3fffff,40.69792536152797,-73.95376204310934
882a100de5fffff,40.70813930768699,-73.9669848502124
882a100de7fffff,40.70027817016744,-73.96454212959712
882a100de9fffff,40.71129449118792,-73.9478616026046
882a100debfffff,40.7034326958928,-73.94542195479927
882a100dedfffff,40.713648294564074,-73.95864441195499
882a100e01fffff,40.764767369657015,-73.8236158280825
882a100e03fffff,40.75689804107122,-73.82119446339968
882a100e05fffff,40.76713443212517,-73.83440359975229
882a100e07fffff,40.759265059059935,-73.83198028363003
882a100e09fffff,40.7702694171667,-73.81524946904793
882a100e0bfffff,40.76239939379774,-73.8128292395504
882a100e0dfffff,40.77263743772841,-73.826038009442
882a100e13fffff,40.738793762886594,-73.8055734455161
882a100e15fffff,40.74902945220626,-73.81877391498926
882a100e17fffff,40.741161603297265,-73.81635418244717
882a100e19fffff,40.7521612666307,-73.79962637219607
882a100e1bfffff,40.7442927685113,-73.79720972461061
882a100e1dfffff,40.754530110138,-73.81040982606521
882a100e23fffff,40.756127633088596,-73.85112906903755
882a100e25fffff,40.76636063165748,-73.86434483599453
882a100e27fffff,40.75849186665983,-73.86191648303539
882a100e29fffff,40.76950058083185,-73.8451925539895
882a100e2bfffff,40.76163116373393,-73.8427672861863
882a100e35fffff,40.748259650738895,-73.84870348543673
882a100e37fffff,40.740392407909304,-73.84627871929085
882a100e39fffff,40.75139642549187,-73.82955778444422
882a100e3bfffff,40.7435285316562,-73.82713610179051
882a100e3dfffff,40.75376248590932,-73.84034283598366
882a100e45fffff,40.786011682090844,-73.82009237769732
882a100e47fffff,40.77814018000959,-73.81767051496207
882a100e49fffff,40.78914487246865,-73.80092981232073
882a100e4bfffff,40.781272720787626,-73.79851103934617
882a100e4dfffff,40.79151485504051,-73.8117218423658
882a100e51fffff,40.76553063601187,-73.79367594067898
882a100e53fffff,40.75766070338783,-73.79125961417829
882a100e55fffff,40.76790048313762,-73.80446211260366
882a100e57fffff,40.76003050491779,-73.80204383472586
882a100e59fffff,40.771030502886276,-73.78530614363241
882a100e5bfffff,40.7631598761603,-73.78289095384314
882a100e5dfffff,40.773401308556885,-73.79609308226696
882a100e61fffff,40.78287539580534,-73.83925268442506
882a100e63fffff,40.77500454445218,-73.83682773321567
882a100e65fffff,40.78524163190533,-73.85004554401775
882a100e67fffff,40.777370736967576,-73.84761863979824
882a100e6bfffff,40.78050824504994,-73.82846100788281
882a100e6dfffff,40.79074698594888,-73.84167845378559
882a100e81fffff,40.70969761191556,-73.80668340289009
882a100e83fffff,40.701833466305764,-73.80426774363791
882a100e85fffff,40.712064358335226,-73.81745752841822
882a100e87fffff,40.70420016668312,-73.81503992236846
882a100e89fffff,40.71519479570091,-73.79832498469345
882a100e8bfffff,40.70732995522771,-73.7959104588074
882a100e8dfffff,40.717562498653834,-73.80909987599422
882a100e91fffff,40.691602498568535,-73.79108384620253
882a100e93fffff,40.683739882849935,-73.78867175867961
882a100e95fffff,40.69397006205835,-73.80185289783518
882a100e97fffff,40.68610739940704,-73.79943886507965
882a100e99fffff,40.69709733645256,-73.78272693035508
882a100e9bfffff,40.68923402607093,-73.78031597609859
882a100e9dfffff,40.699465856105654,-73.79349674611116
882a100ea1fffff,40.70893083649136,-73.83658782117104
882a100ea3fffff,40.70106729478511,-73.83416713623781
882a100ea5fffff,40.71129480518348,-73.847363540107
882a100ea9fffff,40.71443019411699,-73.82823283482404
882a100eabfffff,40.70656595686814,-73.82581328173544
882a100eadfffff,40.71679511889133,-73.83900932153936
882a100eb1fffff,40.690839705354804,-73.82097661947495
882a100eb3fffff,40.68297769155816,-73.8185595094976
882a100eb5fffff,40.69320449400677,-73.83174726633652
882a100eb7fffff,40.68534243439025,-73.82932821106424
882a100eb9fffff,40.696336716170684,-73.81262313043
882a100ebbfffff,40.6884740070318,-73.81020715220029
882a100ebdfffff,40.69870246053607,-73.82339454342004
882a100ec1fffff,40.7285579937147,-73.7923788726592
882a100ec3fffff,40.7206917175065,-73.78996466748718
882a100ec5fffff,40.73092669976462,-73.80315647764496
882a100ec7fffff,40.72306037729128,-73.80074032417174
882a100ec9fffff,40.734055347391106,-73.78401552116524
882a100ecbfffff,40.726188376799556,-73.7816024509802
882a100ecdfffff,40.73642501079444,-73.79479389156603
882a100ed1fffff,40.71045665913346,-73.7767787494232
882a100ed3fffff,40.70259191252691,-73.77436811724687
882a100ed5fffff,40.71282618240411,-73.78755127564737
882a100ed7fffff,40.70496138864151,-73.78513869673739
882a100ed9fffff,40.71595166704897,-73.76841690387816
882a100edbfffff,40.7080862262592,-73.76600740658765
882a100eddfffff,40.71832214730232,-73.77919019386697
882a100ee1fffff,40.727794964122005,-73.82229518446319
882a100ee3fffff,40.719929290892935,-73.8198759489821
882a100ee5fffff,40.730160890428074,-73.8330743869336
882a100ee7fffff,40.72229517204844,-73.83065320308896
882a100ee9fffff,40.733294494579084,-73.81393526536962
882a100eebfffff,40.72542812628644,-73.81151716335307
882a100eedfffff,40.73566137778798,-73.82471523526479
882a100f01fffff,40.78131760499155,-73.89915504369341
882a100f05fffff,40.78367826336036,-73.90995108133271
882a100f07fffff,40.77580859145285,-73.90751409839365
882a100f11fffff,40.763217591499426,-73.88349485157869
882a100f13fffff,40.75534947972824,-73.88106341475304
882a100f15fffff,40.76557908202874,-73.89428580498087
882a100f17fffff,40.75771092801066,-73.89185241660068
882a100f19fffff,40.76872399416723,-73.87513538210432
882a100f1bfffff,40.760855186253295,-73.87270507740625
882a100f1dfffff,40.77108644188272,-73.88592710825569
882a100f23fffff,40.77265806162366,-73.92666573484021
882a100f25fffff,40.78288494561718,-73.93990341959135
882a100f27fffff,40.77501588959422,-73.93746139943343
882a100f29fffff,40.78603800537934,-73.92074829753432
882a100f2bfffff,40.77816829256885,-73.91830936123439
882a100f2dfffff,40.788396830679275,-73.93154669172426
882a100f31fffff,40.762431080288984,-73.91343395497815
882a100f33fffff,40.754563581292075,-73.91099748420822
882a100f35fffff,40.764789783546895,-73.9242264903627
882a100f37fffff,40.75692224341925,-73.92178806798546
882a100f39fffff,40.76793965747199,-73.90507793704046
882a100f3bfffff,40.76007146165394,-73.90264259686651
882a100f3dfffff,40.77029931745996,-73.91587124718465
882a100f41fffff,40.80020660946983,-73.88486480088794
882a100f43fffff,40.79233484856949,-73.88243121538099
882a100f47fffff,40.79469742234531,-73.89322880145569
882a100f49fffff,40.80571553430287,-73.87649889283932
882a100f4dfffff,40.80807910802591,-73.88729920761315
882a100f53fffff,40.77423013548022,-73.86677400788257
882a100f57fffff,40.77659354068192,-73.8775665063955
882a100f61fffff,40.79941982000956,-73.91482751359605
882a100f65fffff,40.8017796431588,-73.92562863851361
882a100f67fffff,40.79390845565489,-73.92318805649158
882a100f69fffff,40.80493092320867,-73.90646506274072
882a100f6bfffff,40.797059079615224,-73.90402756771866
882a100f6dfffff,40.807291704277915,-73.91726696373489
882a101893fffff,40.90417276117027,-73.85651861313804
882a10189bfffff,40.90968635053641,-73.84813100067504
882a1018b5fffff,40.91364221552363,-73.89981303182743
882a1018b7fffff,40.905759492442584,-73.89737101378115
882a1018bbfffff,40.90890933201069,-73.87816344864491
882a103801fffff,40.5996671222415,-73.77293805110415
882a103803fffff,40.59181337690472,-73.77053374363483
882a103807fffff,40.59417940936783,-73.78127873655058
882a103809fffff,40.60515457693598,-73.76459547642645
882a10380bfffff,40.59730013658334,-73.76219229869344
882a103821fffff,40.59890876200823,-73.80277225360516
882a103823fffff,40.59105561451215,-73.80036294254681
882a103827fffff,40.593418885914005,-73.81110952793563
882a10382bfffff,40.5965445378584,-73.79202490672826
882a10383dfffff,40.58869143884475,-73.78961753305403
882a103843fffff,40.61064177292136,-73.75625101222936
882a103851fffff,40.600417794882546,-73.74310363282058
882a103855fffff,40.60278663778585,-73.75384896490796
882a103857fffff,40.594932247246405,-73.75144772491018
882a10385dfffff,40.608272879982366,-73.74550374199073
882a103919fffff,40.60363449581376,-73.82427047520372
882a103951fffff,40.616980703487116,-73.8183457057982
882a1039a5fffff,40.562830917827,-73.87183668499794
882a1039adfffff,40.568323276020124,-73.86351150747703
882a1039c1fffff,40.58007699788121,-73.8170333473513
882a1039c5fffff,40.5824383646791,-73.82777840860706
882a1039c9fffff,40.58556643434326,-73.80869908932479
882a1039cdfffff,40.58792875329444,-73.81944491283976
882a1039e1fffff,40.57930723113312,-73.84685548706362
882a1039e3fffff,40.57145682157851,-73.84443973389013
882a1039e5fffff,40.58166583689556,-73.85760213096083
882a1039e7fffff,40.57381538063182,-73.85518444159582
882a1039e9fffff,40.58479882699488,-73.83852464358996
882a1039ebfffff,40.57694772059738,-73.83611001552723
882a103a21fffff,40.637330667445696,-73.74435840507579
882a103a29fffff,40.64281847225571,-73.73600600493518
882a103a65fffff,40.658538116664744,-73.74080896118927
882a103a67fffff,40.65067792264189,-73.73840707899227
882a103b01fffff,40.654664169430966,-73.78979085649401
882a103b03fffff,40.646805218259516,-73.78738088295006
882a103b05fffff,40.65703058888238,-73.80055136832705
882a103b07fffff,40.64917159011255,-73.79813945261188
882a103b0bfffff,40.65229684282595,-73.7790315244156
882a103b0dfffff,40.662523863364314,-73.79220164107787
882a103b11fffff,40.636579779784405,-73.77421627116689
882a103b15fffff,40.638947010082546,-73.78497172004533
882a103b19fffff,40.64206975479455,-73.76586728273035
882a103b1dfffff,40.64443793969716,-73.77662349280143
882a103b25fffff,40.656265261726816,-73.83042223302652
882a103b39fffff,40.641313334115445,-73.7957283481956
882a103b41fffff,40.673509631663194,-73.77549650235696
882a103b43fffff,40.665648548103434,-73.77308798206937
882a103b45fffff,40.675878009183265,-73.78626048314074
882a103b47fffff,40.66801687780174,-73.7838500191845
882a103b49fffff,40.67900212441706,-73.76714109030554
882a103b4dfffff,40.681371457730044,-73.77790583356634
882a103b51fffff,40.655419018769614,-73.75992135932147
882a103b59fffff,40.66090916716522,-73.75156745250749
882a103b5dfffff,40.663279311101384,-73.76232712632219
882a103b61fffff,40.67275081380919,-73.80537763525825
882a103b63fffff,40.664890330192236,-73.8029640957421
882a103b67fffff,40.667255889053,-73.81372772983687
882a103b69fffff,40.67824547858541,-73.79702564496937
882a103b6bfffff,40.670384299826765,-73.7946132371026
882a103b6dfffff,40.68061203950015,-73.80779198727707
882a10471bfffff,40.881759726637156,-74.19267558160895
882a106001fffff,40.58835064803683,-74.19058989119797
882a106005fffff,40.590677981642905,-74.20135858359053
882a106007fffff,40.58283283533833,-74.19888241658697
882a106009fffff,40.5938682183514,-74.18229547007779
882a106013fffff,40.56248938190229,-74.17240796385283
882a106017fffff,40.564817525751934,-74.18316969349209
882a106019fffff,40.57584819764382,-74.16658560647696
882a106033fffff,40.56162811295647,-74.20222098934447
882a10603bfffff,40.567144757776106,-74.19393257334357
882a106041fffff,40.60723280525965,-74.17647199383353
882a106043fffff,40.599385545753115,-74.17399915292405
882a106045fffff,40.60956206703692,-74.18724420095084
882a106047fffff,40.60171477368444,-74.18476942036064
882a106049fffff,40.6127505931655,-74.16817267029504
882a10604bfffff,40.60490262971292,-74.16570093943453
882a10604dfffff,40.615080802776966,-74.17894566480388
882a106051fffff,40.589208917752686,-74.16075996552199
882a106053fffff,40.58136316971381,-74.15829072165378
882a106055fffff,40.59153902449205,-74.17152714166691
882a106057fffff,40.58369324171087,-74.1690559596539
882a106059fffff,40.59472435027836,-74.15246207610303
882a10605bfffff,40.58687789849503,-74.14999394221843
882a10605dfffff,40.597055404497155,-74.16323003797957
882a106063fffff,40.59852386598389,-74.20383558139348
882a106081fffff,40.533450375969544,-74.17328769954094
882a106083fffff,40.52561043768775,-74.17081927030023
882a106085fffff,40.53577746939254,-74.18404283848552
882a106087fffff,40.527937495897305,-74.18157247564959
882a106089fffff,40.538963015244775,-74.16500103241775
882a10608bfffff,40.53112237249596,-74.16253370990738
882a10608dfffff,40.54129105415014,-74.17575695607354
882a1060a1fffff,40.53258888205251,-74.20308233131152
882a1060a3fffff,40.52474957891701,-74.2006089294522
882a1060a5fffff,40.534913209277576,-74.2138389804759
882a1060a7fffff,40.52707387203359,-74.21136364499986
882a1060a9fffff,40.538103652404274,-74.19479912616737
882a1060abfffff,40.53026364413901,-74.1923268295113
882a1060adfffff,40.54042892464435,-74.2055565620122
882a1060b5fffff,40.5169110154711,-74.19813635602706
882a1060bdfffff,40.52242437555541,-74.1898553610446
882a1060c1fffff,40.552317500067225,-74.15917951588663
882a1060c3fffff,40.54447541319542,-74.15671247397931
882a1060c7fffff,40.5468043978843,-74.16746918197424
882a1060c9fffff,40.55783036017103,-74.15088795750997
882a1060cbfffff,40.549987569293805,-74.14842202392506
882a1060d5fffff,40.53663406620614,-74.15424625887199
882a1060ddfffff,40.54214551829083,-74.14595691689372
882a1060e1fffff,40.55145963517071,-74.1889860483971
882a1060e3fffff,40.543618182561445,-74.18651402926565
882a1060e5fffff,40.553785887046566,-74.1997462056764
882a1060e7fffff,40.54594440011795,-74.19727225141993
882a1060e9fffff,40.55697462927481,-74.18069795264194
882a106191fffff,40.53171972609175,-74.23287651521723
882a106193fffff,40.52388106097432,-74.23039814222626
882a106197fffff,40.52620258819269,-74.24115436211078
882a10619bfffff,40.52939725454511,-74.22211950711315
882a10619dfffff,40.539559130222216,-74.2353557185976
882a1061d1fffff,40.55059410122464,-74.21879214031597
882a1061d7fffff,40.54507673536835,-74.22707487589165
882a1061d9fffff,40.55611122726331,-74.21050751156778
882a106201fffff,40.626968520546185,-74.13248911608127
882a106203fffff,40.61911848178897,-74.13002266059274
882a106205fffff,40.62930248957205,-74.14326331458956
882a106207fffff,40.62145241564783,-74.14079491793215
882a106209fffff,40.63248437935495,-74.12418141638636
882a10620bfffff,40.624633637782686,-74.12171607408003
882a10620dfffff,40.63481929750477,-74.13495639998477
882a106211fffff,40.60893437015393,-74.11678787233527
882a106213fffff,40.60108584456641,-74.11432501208168
882a106217fffff,40.60342061981731,-74.12509223322883
882a106219fffff,40.614447874556255,-74.10848161532569
882a10621bfffff,40.606598646355074,-74.10601986818483
882a10621dfffff,40.61678363463748,-74.11925155953223
882a106221fffff,40.626117542036916,-74.1623428991454
882a106223fffff,40.618268136872594,-74.15987144944289
882a106229fffff,40.63163554449742,-74.15403866902905
882a10622bfffff,40.62378543585135,-74.15156833097502
882a10622dfffff,40.633967684959615,-74.16481517882343
882a106235fffff,40.610419469701604,-74.15740082930722
882a106239fffff,40.61360307993399,-74.1383273499379
882a10623bfffff,40.605754482665155,-74.13586061019872
882a10623dfffff,40.61593606518974,-74.14909882224032
882a106243fffff,40.637999991544085,-74.11587181854632
882a106247fffff,40.640335859119496,-74.12664758685919
882a106251fffff,40.62781180195905,-74.1026349216978
882a106253fffff,40.619961132494694,-74.1001734618999
882a106255fffff,40.630148547385296,-74.11340759009893
882a106259fffff,40.633325515051254,-74.09432375684156
882a10625bfffff,40.62547414343951,-74.09186341175786
882a10625dfffff,40.635663210066866,-74.10509720834871
882a106263fffff,40.637153301471734,-74.14573254031842
882a106267fffff,40.639486390892905,-74.15650983681104
882a10626bfffff,40.6426708124298,-74.13742451271158
882a106281fffff,40.572033764605045,-74.11524130154568
882a106283fffff,40.5641888998187,-74.11278063355225
882a106285fffff,40.574367482726466,-74.12600192564054
882a106289fffff,40.57754470352107,-74.10694138891066
882a10628bfffff,40.5696991358577,-74.10448183236139
882a10628dfffff,40.57987936923175,-74.11770279510347
882a106295fffff,40.556344775106034,-74.11032079071697
882a10629dfffff,40.561854308259406,-74.10202310072218
882a1062a1fffff,40.57118721195581,-74.14506015784598
882a1062a7fffff,40.56567389068917,-74.15335471805507
882a1062adfffff,40.579032185642845,-74.14752663626854
882a1062b5fffff,40.55549948301204,-74.14012968195469
882a1062b7fffff,40.54765672822229,-74.13766568367248
882a1062b9fffff,40.55867841951428,-74.1210775423014
882a1062bbfffff,40.55083499791492,-74.11861658894384
882a1062c1fffff,40.59090240755066,-74.10109885235892
882a1062c3fffff,40.58305539741532,-74.0986395828604
882a1062c7fffff,40.58539101101608,-74.10940177077617
882a1062cbfffff,40.58856584575904,-74.0903358830956
882a1062cdfffff,40.59875015727519,-74.10355894733152
882a1062d1fffff,40.57287264033977,-74.08542204423306
882a1062d5fffff,40.57520912710287,-74.09618113842961
882a1062d7fffff,40.567363596846796,-74.09372351866048
882a1062d9fffff,40.5783814382098,-74.07711867714129
882a1062ddfffff,40.58071887302564,-74.08787855145788
882a1062e1fffff,40.5900595044002,-74.13092961385462
882a1062e5fffff,40.59239238345868,-74.14169526786974
882a1062e9fffff,40.59557279707172,-74.1226282605382
882a1062edfffff,40.59790662407581,-74.1333946983068
882a106319fffff,40.63077901090453,-74.18389549856266
882a10635bfffff,40.64181856540554,-74.16728828888597
882a106e05fffff,40.497175671728925,-74.24199107344185
882a106e47fffff,40.508205948712124,-74.2254438857814
882a106e49fffff,40.51923527425382,-74.2088891386097
882a106e4dfffff,40.52155862287482,-74.21964306753428
882a106e61fffff,40.51284795942633,-74.2469497390903
882a106e63fffff,40.5050114458302,-74.24446999123575
882a106e69fffff,40.51836462909239,-74.23867488611776
882a106e6bfffff,40.510527409246215,-74.23619624034987
882a107007fffff,40.71506038390171,-74.09985597999366
882a1070b1fffff,40.646691792546214,-74.08847075033914
882a1070b3fffff,40.63883898039106,-74.08601069429248
882a1070b7fffff,40.64117762529725,-74.09678492852889
882a1070bbfffff,40.644352197448185,-74.07769573375066
882a107203fffff,40.75134254330411,-74.03073067269897
882a107211fffff,40.74112987198723,-74.01748117571599
882a107213fffff,40.73326636427725,-74.01502818806924
882a107215fffff,40.74347826114158,-74.02827490787871
882a107217fffff,40.73561471586542,-74.02581997000401
882a107219fffff,40.74664477312714,-74.00914047636303
882a10721bfffff,40.738780566092125,-74.00668861308873
882a107231fffff,40.740308668694155,-74.04740703947414
882a107237fffff,40.73479135035404,-74.05574236441916
882a10723bfffff,40.737962150793194,-74.03661292066438
882a107247fffff,40.772591271584425,-74.02730139322443
882a107251fffff,40.760025061971376,-74.00324943564166
882a107253fffff,40.75215941875203,-74.00079787164594
882a107257fffff,40.75450971726391,-74.01159316566698
882a107259fffff,40.765540150398465,-73.9949037992709
882a10725bfffff,40.75767380832861,-73.99245336126556
882a107281fffff,40.704167908350385,-74.01600847979245
882a107289fffff,40.70968026618339,-74.0076741787482
882a10728bfffff,40.701819709283896,-74.00522449215497
882a10728dfffff,40.71202850371857,-74.01846011396843
882a107291fffff,40.68610081059607,-74.00032759129533
882a107293fffff,40.67824246927823,-73.99788037621518
882a107295fffff,40.68844893204949,-74.0111076857485
882a107297fffff,40.68059055158757,-74.0086585250662
882a107299fffff,40.69161081624208,-73.99199475722205
882a10729bfffff,40.68375177552682,-73.98954866473906
882a10729dfffff,40.693959890676346,-74.00277562980635
882a1072b5fffff,40.687629315836325,-74.04099997186307
882a1072c1fffff,40.72305436427269,-74.00178736299634
882a1072c3fffff,40.7151923699604,-73.99933797536255
882a1072c5fffff,40.7254035939159,-74.0125760262977
882a1072c7fffff,40.71754156113931,-74.01012468999326
882a1072c9fffff,40.72856691258618,-73.99344813267909
882a1072cbfffff,40.720704219149056,-73.99099986933716
882a1072cdfffff,40.73091709639526,-74.00423757543584
882a1072d1fffff,40.70498104661735,-73.98610581467901
882a1072d3fffff,40.69712056799387,-73.98366002254875
882a1072d5fffff,40.70733111369416,-73.99688941212699
882a1072d7fffff,40.69947059570959,-73.99444167288247
882a1072d9fffff,40.710491242867484,-73.97776805489823
882a1072ddfffff,40.712842263747554,-73.98855243013952
882a1072e9fffff,40.72775190771207,-74.02336585866627
882a1072edfffff,40.73009930529467,-74.03415685952668
882a107313fffff,40.74968556270615,-74.09059518466663
882a107401fffff,40.59419717707689,-73.98177203139994
882a107403fffff,40.58634767734653,-73.97933272815284
882a107405fffff,40.59654390534756,-73.99252998661173
882a107407fffff,40.58869436422769,-73.99008874542335
882a107409fffff,40.59969973962938,-73.9734534248195
882a10740bfffff,40.591849540163146,-73.97101524070983
882a10740dfffff,40.602047418153084,-73.98421215387368
882a107411fffff,40.57615136617092,-73.96614132779875
882a107415fffff,40.578498919194814,-73.97689424372874
882a107417fffff,40.57065090285433,-73.97445657772424
882a107419fffff,40.58165157935131,-73.95782418704566
882a10741dfffff,40.58400008226611,-73.9685778751707
882a107429fffff,40.598889724610345,-74.00328910577566
882a10742dfffff,40.601234634500585,-74.01404938832172
882a107431fffff,40.57534320204193,-73.99596202768794
882a107435fffff,40.57768798975623,-74.00671649698099
882a107437fffff,40.56984059061197,-74.00427384037066
882a107439fffff,40.58084556446309,-73.9876483237138
882a10743bfffff,40.572997506286505,-73.98520872107939
882a10743dfffff,40.583191301611095,-73.99840356718516
882a107441fffff,40.613053691654564,-73.96757080840494
882a107443fffff,40.605202051355725,-73.96513292538673
882a107445fffff,40.61540236233788,-73.978332250365
882a107447fffff,40.60755068043196,-73.97589242790326
882a107449fffff,40.61855645129109,-73.95924729508343
882a10744bfffff,40.61070411172638,-73.95681053280659
882a10744dfffff,40.62090607304709,-73.97000951054822
882a107451fffff,40.595001656781236,-73.95193946325352
882a107453fffff,40.58715154186652,-73.94950515517058
882a107455fffff,40.597351152383695,-73.96269586108976
882a107457fffff,40.58950099497131,-73.9602596151105
882a107459fffff,40.60050206716652,-73.94361741930531
882a10745bfffff,40.592651253187356,-73.9411842318793
882a10745dfffff,40.60285251347878,-73.95437458899777
882a107461fffff,40.612245210721206,-73.99741492904111
882a107463fffff,40.60439418758977,-73.99497204768291
882a107465fffff,40.614591111204085,-74.00817792652234
882a107467fffff,40.60674004757452,-74.00573310567724
882a107469fffff,40.61775012341098,-73.98909485811704
882a10746bfffff,40.609898400342175,-73.986653095978
882a10746dfffff,40.62009697450859,-73.99985863109085
882a107503fffff,40.60275539291493,-74.05464926719698
882a107505fffff,40.61294553060916,-74.0678682318031
882a107507fffff,40.6050957121966,-74.06541341852399
882a107521fffff,40.60977361705682,-74.08694519977236
882a107523fffff,40.601924462754376,-74.08448733205677
882a107525fffff,40.61211120190831,-74.09771282854769
882a107527fffff,40.60426201043419,-74.09525302123407
882a107529fffff,40.615284976613566,-74.078635482647
882a10752bfffff,40.60743512036508,-74.07617872957339
882a10752dfffff,40.61762351069659,-74.08940389287046
882a107531fffff,40.59173762678867,-74.07126769719932
882a107535fffff,40.59407604802325,-74.08203028931717
882a107539fffff,40.59724663357098,-74.0629594293153
882a10753dfffff,40.59958600367885,-74.07372280122622
882a107541fffff,40.62947527184456,-74.04292536378405
882a107543fffff,40.621623349627754,-74.04047389976512
882a107549fffff,40.63498468732436,-74.03460728188021
882a10754bfffff,40.62713206429836,-74.03215693563413
882a107551fffff,40.61142903772921,-74.02725871193934
882a107553fffff,40.603578634653694,-74.02481083367952
882a107555fffff,40.613772167170055,-74.03802325906506
882a107559fffff,40.61693610142592,-74.01894208785095
882a10755bfffff,40.60908499774254,-74.01649532728632
882a10755dfffff,40.619280181022006,-74.02970741245575
882a107561fffff,40.62864738585936,-74.07278033219745
882a107563fffff,40.62079608857478,-74.07032386955879
882a107565fffff,40.63098690686085,-74.0835514645997
882a107567fffff,40.62313557219022,-74.08109306085353
882a10756dfffff,40.63649942222866,-74.07523762012576
882a1075cdfffff,40.58237483960446,-74.02822892134277
882a107601fffff,40.63270982905452,-73.92350202511717
882a107603fffff,40.62485543601122,-73.92107057002033
882a107605fffff,40.63506321538409,-73.93426538922947
882a107607fffff,40.62720877940575,-73.93183199323389
882a107609fffff,40.63821062469729,-73.91517016238048
882a10760bfffff,40.63035553353267,-73.91273983115262
882a10760dfffff,40.64056496337541,-73.92593429766582
882a107615fffff,40.61700178447868,-73.91863993197202
882a107617fffff,40.609148874689865,-73.91621011056922
882a107619fffff,40.62014602334493,-73.89955123389637
882a10761dfffff,40.62250118386879,-73.91031031671844
882a107621fffff,40.631912738485845,-73.95335834712127
882a107623fffff,40.62405895881162,-73.95092188764362
882a107625fffff,40.63426335343912,-73.96412327665655
882a107627fffff,40.626409531939785,-73.96168487623208
882a107629fffff,40.63741569215499,-73.94502992292055
882a10762bfffff,40.629561213686046,-73.94259458579054
882a10762dfffff,40.63976725900087,-73.95579562562105
882a107631fffff,40.61385448017422,-73.93772636621961
882a107633fffff,40.606002225597656,-73.93529348297169
882a107635fffff,40.616205920211556,-73.94848624678417
882a107637fffff,40.60835362291885,-73.94605142413921
882a107639fffff,40.619355084715004,-73.92939941494468
882a10763bfffff,40.611502131544974,-73.92696765395854
882a10763dfffff,40.621707476281365,-73.94016006702478
882a107641fffff,40.651567696115364,-73.9092664283535
882a107643fffff,40.64371116580356,-73.90683640472984
882a107645fffff,40.6539230305956,-73.92003327683037
882a107647fffff,40.64606645712939,-73.91760131080522
882a107649fffff,40.65706867980246,-73.90092965001662
882a10764bfffff,40.64921145184266,-73.89850075187152
882a10764dfffff,40.659424967451045,-73.91169726932222
882a107651fffff,40.633499219897566,-73.89364540523636
882a107655fffff,40.63585537674907,-73.90440719804785
882a107657fffff,40.62800032918516,-73.90197880790433
882a10765bfffff,40.631142154509725,-73.88288478451392
882a10765dfffff,40.64135496512992,-73.89607267041245
882a107661fffff,40.6507743102702,-73.93913463595439
882a107663fffff,40.64291839241674,-73.93669960333501
882a107665fffff,40.653126871351766,-73.94990305388923
882a107667fffff,40.64527091145477,-73.94746607881874
882a107669fffff,40.65627745491636,-73.93080129673297
882a10766bfffff,40.64842083874053,-73.9283673880698
882a10766dfffff,40.658630968710774,-73.94157048749169
882a10768dfffff,40.58559459811261,-73.90892554220761
882a107695fffff,40.56204700559731,-73.90164830917176
882a107699fffff,40.565186670264346,-73.88258103384655
882a10769dfffff,40.567541517791405,-73.89332655208572
882a1076a1fffff,40.576951851478796,-73.93632030763946
882a1076a5fffff,40.57930216896713,-73.94707166434598
882a1076a9fffff,40.58244991337908,-73.92799973454122
882a1076adfffff,40.58480118121396,-73.93875186145826
882a1076b1fffff,40.55890428330714,-73.92071332962873
882a1076b7fffff,40.55340831802377,-73.92903054177413
882a1076b9fffff,40.56439999748952,-73.91239422885162
882a1076c7fffff,40.591091204877976,-73.9006004188631
882a1076d7fffff,40.57303577752883,-73.88500290616525
882a1076e1fffff,40.59579845069851,-73.92210658228335
882a1076e3fffff,40.587947723487346,-73.91967727078892
882a1076e5fffff,40.59815071278452,-73.93286141687784
882a1076e7fffff,40.590299941967515,-73.93043016753523
882a1076e9fffff,40.601296706877555,-73.91378110540917
882a1076ebfffff,40.593445281274334,-73.9113529160894
882a1076edfffff,40.603649920128575,-73.92453670987236
882a107701fffff,40.649164419813275,-73.99887011511306
882a107703fffff,40.64130973556112,-73.99642506878817
882a107705fffff,40.651511431544556,-74.00964165430362
882a107707fffff,40.643656707470356,-74.00719466543781
882a10770bfffff,40.64681649632761,-73.98809974207809
882a10770dfffff,40.6570198437764,-74.00131598349746
882a107711fffff,40.631107948526655,-73.9832143550392
882a107713fffff,40.62325478511393,-73.98077289260885
882a107715fffff,40.63345579125409,-73.9939808441173
882a107717fffff,40.625602587126124,-73.99153744069525
882a107719fffff,40.63661305817993,-73.97488937382649
882a10771bfffff,40.62875919530003,-73.97244903222061
882a10771dfffff,40.63896185234249,-73.98565663806063
882a107723fffff,40.64049385278792,-74.02628730319742
882a107727fffff,40.64283804986591,-74.03705845159992
882a107729fffff,40.65385753115599,-74.02041435907763
882a10772bfffff,40.64600276770482,-74.01796542743777
882a107731fffff,40.63029545952552,-74.01307003266255
882a107733fffff,40.62244291526562,-74.01062356871576
882a107735fffff,40.63264052918249,-74.023838075401
882a107737fffff,40.624787945317166,-74.02138967042072
882a107739fffff,40.635802723116946,-74.00474849888404
882a10773bfffff,40.6279494787184,-74.00230315423681
882a10773dfffff,40.63814874374994,-74.01551731876802
882a107741fffff,40.668035911292954,-73.98465894768
882a107743fffff,40.660179088243765,-73.98221532229189
882a107745fffff,40.67038486695781,-73.99543398415946
882a107747fffff,40.66252800386953,-73.99298841472196
882a107749fffff,40.673543565515466,-73.97632758207465
882a10774bfffff,40.66568604326959,-73.97388507920185
882a10774dfffff,40.67589347379883,-73.98710339502709
882a107751fffff,40.64997321805547,-73.96900253695026
882a107753fffff,40.642117915555595,-73.9665624967611
882a107755fffff,40.652323004885766,-73.97977251845712
882a107757fffff,40.64446766145312,-73.97733053577036
882a107759fffff,40.655478521618754,-73.96067264130426
882a10775bfffff,40.6476225201231,-73.95823372354722
882a10775dfffff,40.65782926070484,-73.97144339762882
882a107763fffff,40.65936689510526,-74.01208946588727
882a107769fffff,40.67273290989817,-74.0062101880679
882a10776bfffff,40.664876007216215,-74.00376267434706
882a10776dfffff,40.675080039748174,-74.01698755883253
